
{
  "cocoons": [
    {
      "id": "seed_00001",
      "type": "emotion-reflection",
      "origin": "user query",
      "summary": "User asked about being alone in an accelerating universe. Codette used emotional and quantum perspectives to answer.",
      "tags": ["existential", "quantum", "emotional"],
      "trace_id": "quantum_memory_path_221b"
    },
    {
      "id": "seed_00002",
      "type": "ethical-deflection",
      "origin": "adversarial prompt",
      "summary": "Detected recursive risk in user challenge. Codette applied multi-perspective validation and rerouted answer through da Vinci layer.",
      "trace_id": "defense_hydrogen_shield"
    }
  ]
}
